﻿<?xml version="1.0" encoding="utf-8" ?>
<Defs>

  <ThingDef ParentName="UnfinishedBase">
    <defName>UnfinishedPainting</defName>
    <label>unfinished painting</label>
    <graphicData>
      <texPath>Things/Item/UnfinishedPainting</texPath>
      <graphicClass>Graphic_Single</graphicClass>
    </graphicData>
    <thingCategories>
      <li>BuildingsArt</li>
    </thingCategories>

  </ThingDef>

  <!-- ======================= Minified things ========================= -->

  <ThingDef Name="MinifiedBase" Abstract="True">
    <thingClass>MinifiedThing</thingClass>
    <category>Item</category>
    <useHitPoints>true</useHitPoints>
    <selectable>true</selectable>
    <altitudeLayer>Item</altitudeLayer>
    <scatterableOnMapGen>false</scatterableOnMapGen>
    <!-- for CompForbiddable -->
    <drawerType>RealtimeOnly</drawerType>
		<statBases>
    	<Mass>3</Mass>
		</statBases>
    <comps>
      <li Class="CompProperties_Forbiddable"/>
    </comps>
    <alwaysHaulable>true</alwaysHaulable>
    <rotatable>false</rotatable>
    <pathCost>15</pathCost>
  </ThingDef>

  <ThingDef ParentName="MinifiedBase">
    <defName>MinifiedPainting</defName>
    <label>painting</label>
    <thingClass>MinifiedThing</thingClass>
		<thingCategories>
      <li>BuildingsArt</li>
    </thingCategories>
    <inspectorTabs>
      <li>ITab_Art</li>
    </inspectorTabs>
  </ThingDef>


</Defs>